step,lr,train_loss,train_acc,val_loss,val_acc,elapsed_s
1000,0.1,1.69095,45.154,0.80143,74.43,250.2
2000,0.09997739,0.96512,79.903,0.66602,79.66,499.3
3000,0.09990949,0.8182,86.27,0.53683,84.1,748.1
4000,0.09979637,0.76202,88.653,0.6007,81.92,996.6
5000,0.09963815,0.73176,90.014,0.43449,88.05,1244.7
6000,0.09943498,0.71575,90.657,0.5759,83.07,1492.8
7000,0.09918706,0.7057,91.096,0.46895,86.04,1741.1
8000,0.09889465,0.69603,91.537,0.50044,85.41,1989.0
9000,0.09855805,0.68763,91.896,0.47482,86.27,2237.1
10000,0.09817759,0.68211,92.096,0.47278,86.97,2485.1
11000,0.09775365,0.68025,92.214,0.46284,86.75,2733.0
12000,0.09728666,0.67428,92.441,0.45778,86.8,2980.9
13000,0.09677709,0.67096,92.595,0.43617,87.71,3228.8
14000,0.09622545,0.66783,92.718,0.48252,85.87,3476.8
15000,0.09563231,0.66435,92.906,0.50772,85.13,3724.5
16000,0.09499825,0.66266,92.963,0.56857,83.74,3972.2
17000,0.09432392,0.66,93.061,0.38798,89.51,4219.7
18000,0.09360999,0.65554,93.272,0.54157,84.51,4467.6
19000,0.09285718,0.65485,93.305,0.45418,87.08,4715.4
20000,0.09206626,0.65343,93.38,0.53053,84.92,4963.0
21000,0.09123801,0.65036,93.513,0.40498,88.94,5210.5
22000,0.09037327,0.64999,93.534,0.41123,88.55,5458.2
23000,0.08947292,0.64717,93.648,0.40978,88.93,5705.7
24000,0.08853785,0.64401,93.758,0.38922,89.52,5953.1
25000,0.08756902,0.64272,93.858,0.41326,88.63,6201.0
26000,0.08656739,0.64117,93.903,0.39743,89.45,6448.9
27000,0.08553397,0.63925,93.989,0.40862,89.04,6696.9
28000,0.08446981,0.63697,94.122,0.3502,90.45,6944.6
29000,0.08337598,0.63526,94.13,0.42764,88.02,7192.3
30000,0.08225357,0.6343,94.193,0.38645,89.68,7439.9
31000,0.08110372,0.63228,94.286,0.39454,89.38,7687.2
32000,0.07992759,0.63045,94.418,0.42541,87.79,7934.6
33000,0.07872636,0.62852,94.464,0.46206,87.23,8182.0
34000,0.07750124,0.62619,94.602,0.36847,90.29,8429.3
35000,0.07625346,0.6246,94.631,0.409,88.92,8676.7
36000,0.07498428,0.62093,94.811,0.39805,89.26,8924.0
37000,0.07369497,0.6203,94.83,0.37151,90.04,9171.5
38000,0.07238685,0.61797,94.889,0.49523,86.22,9419.0
39000,0.07106121,0.61476,95.055,0.35282,90.88,9666.6
40000,0.06971941,0.61358,95.143,0.39532,89.17,9914.0
41000,0.06836278,0.61134,95.18,0.38641,89.83,10161.5
42000,0.0669927,0.60962,95.305,0.38004,90.18,10408.8
43000,0.06561054,0.60814,95.362,0.3982,89.66,10656.3
44000,0.0642177,0.60506,95.48,0.38039,89.98,10903.5
45000,0.06281557,0.60176,95.635,0.43503,88.16,11150.9
46000,0.06140558,0.60071,95.667,0.39667,89.7,11398.5
47000,0.05998914,0.59723,95.804,0.3548,90.82,11646.1
48000,0.05856767,0.59593,95.882,0.35724,90.87,11893.5
49000,0.05714261,0.59296,95.994,0.37193,90.46,12140.9
50000,0.0557154,0.59129,96.093,0.36806,90.32,12388.4
51000,0.05428746,0.58895,96.181,0.38157,90.09,12635.6
52000,0.05286024,0.58602,96.283,0.40163,89.39,12882.7
53000,0.05143518,0.58433,96.354,0.35757,90.93,13129.9
54000,0.0500137,0.58194,96.489,0.34558,91.42,13377.2
55000,0.04859725,0.57994,96.588,0.37559,90.41,13624.5
56000,0.04718724,0.57691,96.684,0.37646,90.67,13874.2
57000,0.0457851,0.57473,96.802,0.45884,87.57,14131.1
58000,0.04439224,0.57322,96.866,0.38567,90.11,14380.5
59000,0.04301005,0.57089,96.987,0.3447,91.62,14627.8
60000,0.04163995,0.56848,97.109,0.3565,90.88,14875.4
61000,0.04028329,0.56698,97.146,0.31996,92.15,15123.0
62000,0.03894145,0.5647,97.237,0.35059,91.28,15375.0
63000,0.03761579,0.56187,97.357,0.33513,91.89,15622.1
64000,0.03630762,0.55993,97.443,0.33406,91.92,15869.5
65000,0.03501828,0.55685,97.565,0.34412,91.47,16117.4
66000,0.03374906,0.55555,97.614,0.33313,91.94,16369.9
67000,0.03250124,0.55337,97.74,0.3331,92.08,16617.3
68000,0.03127607,0.55097,97.846,0.36189,91.09,16864.6
69000,0.03007479,0.54949,97.907,0.30862,92.58,17112.0
70000,0.0288986,0.54732,97.958,0.31678,92.62,17359.3
71000,0.0277487,0.54552,98.073,0.31883,92.26,17616.0
72000,0.02662624,0.54332,98.161,0.32276,92.2,17863.4
73000,0.02553235,0.54124,98.259,0.30947,92.63,18115.4
74000,0.02446813,0.53963,98.327,0.3095,92.77,18363.2
75000,0.02343465,0.53821,98.379,0.31674,92.7,18610.6
76000,0.02243295,0.53643,98.463,0.31997,92.49,18859.1
77000,0.02146405,0.53456,98.559,0.30838,93.15,19147.7
78000,0.02052892,0.53425,98.558,0.3291,92.5,19449.7
79000,0.01962849,0.53141,98.706,0.32012,92.74,19740.7
80000,0.01876369,0.53044,98.724,0.29871,93.26,20046.3
81000,0.01793536,0.52904,98.799,0.33308,92.43,20365.6
82000,0.01714436,0.52732,98.88,0.32941,92.43,20662.1
83000,0.01639148,0.52569,98.932,0.30847,93.29,20984.1
84000,0.01567747,0.52473,98.996,0.32768,92.51,21290.4
85000,0.01500306,0.52338,99.018,0.33142,92.69,21599.3
86000,0.01436892,0.52205,99.096,0.3163,92.97,21881.4
87000,0.01377569,0.52193,99.109,0.29506,93.56,22128.2
88000,0.01322397,0.521,99.138,0.30655,93.38,22375.5
89000,0.01271432,0.5197,99.196,0.30649,93.28,22623.1
90000,0.01224725,0.51824,99.263,0.31864,92.89,22967.2
91000,0.01182322,0.51794,99.282,0.303,93.55,23346.0
92000,0.01144267,0.51733,99.302,0.30137,93.55,23744.5
93000,0.01110597,0.5168,99.314,0.31312,93.3,24151.5
94000,0.01081348,0.51649,99.334,0.30041,93.55,24538.2
95000,0.01056548,0.51613,99.346,0.30599,93.38,24946.3
96000,0.01036221,0.51554,99.374,0.30846,93.2,25349.8
97000,0.0102039,0.51585,99.369,0.31524,93.36,25709.4
98000,0.01009069,0.51585,99.359,0.32034,93.07,25956.0
99000,0.0100227,0.51526,99.398,0.32209,92.98,26202.7
100000,0.01,0.51646,99.338,0.29911,93.65,26489.2
